{
  "adas": "диваны",
  "DONT_STOP_ME_NOW": "Не останавливай меня сейчас!",
  "What_is_this_about": "В чем дело?",
  "hello_world": "Привет, мир!!!",
  "Cred114Description2": "<b>Зависимости:</b> чтобы это разрешение работало, необходимо включить опцию Просмотр настраиваемых панелей управления (#41)».",
  "how-is-it-going": "Как дела?",
  "welcome": "Добро пожаловать",
  "what_is_life": "В чем смысл жизни? ",
  "Keep-it-short": "Будь кратким"
}