{
  "hello_world": "ความหมายของชีวิตคืออะไร",
  "adas": "เอฟเอส",
  "DONT_STOP_ME_NOW": "อย่าหยุดฉันตอนนี้!",
  "What_is_this_about": "เรื่องนี้เกี่ยวกับอะไร?",
  "Cred114Description2": "<b>การอ้างอิง:</b> ต้องเปิดใช้งาน 'ดูแดชบอร์ดที่กำหนดเอง (#41) 'เพื่อให้สิทธิ์นี้ทำงานได้”",
  "how-is-it-going": "มันเป็นอย่างไรบ้าง",
  "welcome": "ต้อนรับ",
  "Keep-it-short": "ให้สั้น"
}