{
  "hello_world": "مرحبا بالعالم!",
  "adas": "أرائك",
  "DONT_STOP_ME_NOW": "لا توقفني الآن!",
  "What_is_this_about": "عن ماذا هذا؟",
  "Cred114Description2": "<b>التبعيات:</b> يجب تمكين 'عرض لوحات المعلومات المخصصة (#41) 'حتى يعمل هذا الإذن.»",
  "how-is-it-going": "كيف تسير الأمور؟",
  "welcome": "أهلا بك",
  "what_is_life": "ما معنى الحياة؟ ",
  "Keep-it-short": "اجعلها قصيرة"
}