{
  "hello_world": "שלום עולם!",
  "adas": "ספאס",
  "DONT_STOP_ME_NOW": "אל תעצור אותי עכשיו!",
  "What_is_this_about": "על מה מדובר?",
  "Cred114Description2": "<b>תלות: 'הצג</b> לוחות מחוונים מותאמים אישית (#41) 'חייב להיות מופעל כדי שהרשאה זו תפעל.\"",
  "how-is-it-going": "איך זה הולך?",
  "welcome": "ברוכים הבאים",
  "what_is_life": "מהי משמעות החיים? ",
  "Keep-it-short": "שמור על זה קצר"
}